"Title","itemcode","categorycode","pillarcode","guidecode","statement","defaultrequired","defaultcritical","sortorder"
"Demonstrated leadership in managing large...","t1a","NUCLEAR-TECH-YEARS-OF-EXPERIENCE","NUCLEAR-TECH","NUCLEAR","Demonstrated leadership in managing large multi-discipline complex projects over X years.","Yes","No","1"
"Significant experience with infrastructure and/or energy...","t1b","NUCLEAR-TECH-YEARS-OF-EXPERIENCE","NUCLEAR-TECH","NUCLEAR","Significant experience with infrastructure and/or energy projects.","Yes","No","2"
"Depth in civil works, earthworks, utilities, mechanical,...","t1c","NUCLEAR-TECH-YEARS-OF-EXPERIENCE","NUCLEAR-TECH","NUCLEAR","Depth in civil works, earthworks, utilities, mechanical, electrical, I&C","Yes","No","3"
"Strong safety culture","t1d","NUCLEAR-TECH-YEARS-OF-EXPERIENCE","NUCLEAR-TECH","NUCLEAR","Strong safety culture","Yes","No","4"
"Proven experience leading large diverse team","t1e","NUCLEAR-TECH-YEARS-OF-EXPERIENCE","NUCLEAR-TECH","NUCLEAR","Proven experience leading large diverse team","Yes","No","5"
"Strong technical knowledge across all phases: design,...","t2a","NUCLEAR-TECH-TECHNICAL-CAPABILITY-AND-AREA-OF","NUCLEAR-TECH","NUCLEAR","Strong technical knowledge across all phases: design, planning, construction, commissioning, operations, and maintenance.","Yes","No","1"
"Mass excavation, grading, and tunneling","t2b","NUCLEAR-TECH-TECHNICAL-CAPABILITY-AND-AREA-OF","NUCLEAR-TECH","NUCLEAR","Mass excavation, grading, and tunneling","Yes","No","2"
"Power Plant construction and/or refurbishment","t2c","NUCLEAR-TECH-TECHNICAL-CAPABILITY-AND-AREA-OF","NUCLEAR-TECH","NUCLEAR","Power Plant construction and/or refurbishment","Yes","No","3"
"Nuclear Power plant experience would be an asset","t2d","NUCLEAR-TECH-TECHNICAL-CAPABILITY-AND-AREA-OF","NUCLEAR-TECH","NUCLEAR","Nuclear Power plant experience would be an asset","Yes","No","4"
"Construction in highly regulated environment","t2e","NUCLEAR-TECH-TECHNICAL-CAPABILITY-AND-AREA-OF","NUCLEAR-TECH","NUCLEAR","Construction in highly regulated environment","Yes","No","5"
"Sound understanding of integrated civil, mechanical, and...","t2f","NUCLEAR-TECH-TECHNICAL-CAPABILITY-AND-AREA-OF","NUCLEAR-TECH","NUCLEAR","Sound understanding of integrated civil, mechanical, and electrical systems.","Yes","No","6"
"Experience leading multidisciplinary teams across joint...","t2g","NUCLEAR-TECH-TECHNICAL-CAPABILITY-AND-AREA-OF","NUCLEAR-TECH","NUCLEAR","Experience leading multidisciplinary teams across joint ventures, interfacing with other consortiums and recognizing commercial impacts.","Yes","No","7"
"Engineer, having a good understanding of power plant...","t2h","NUCLEAR-TECH-TECHNICAL-CAPABILITY-AND-AREA-OF","NUCLEAR-TECH","NUCLEAR","Engineer, having a good understanding of power plant construction","Yes","No","8"
"Excellent command of EPC and/or IPD delivery models,...","t2i","NUCLEAR-TECH-TECHNICAL-CAPABILITY-AND-AREA-OF","NUCLEAR-TECH","NUCLEAR","Excellent command of EPC and/or IPD delivery models, commercial matters, and budget control. In particular, good understanding of impacts of design on construction costs.","Yes","No","9"
"Demonstrated technical expertise in managing complex...","t2j","NUCLEAR-TECH-TECHNICAL-CAPABILITY-AND-AREA-OF","NUCLEAR-TECH","NUCLEAR","Demonstrated technical expertise in managing complex multi-disciplinary teams, including LR, Safety, Finance, HR, and Project Staff.","Yes","No","10"
"Proficient in using processes and systems to measure...","t2k","NUCLEAR-TECH-TECHNICAL-CAPABILITY-AND-AREA-OF","NUCLEAR-TECH","NUCLEAR","Proficient in using processes and systems to measure project success and anticipate issues in terms of schedule, cost, quality, and safety.","Yes","No","11"
"Knowledge of Continuous Improvement, OPEX and their...","t2l","NUCLEAR-TECH-TECHNICAL-CAPABILITY-AND-AREA-OF","NUCLEAR-TECH","NUCLEAR","Knowledge of Continuous Improvement, OPEX and their impact on project performance","Yes","No","12"
"Experience constructing power plants, nuclear power...","t3a","NUCLEAR-TECH-SPECIFIC-PROJECT-EXPERIENCE","NUCLEAR-TECH","NUCLEAR","Experience constructing power plants, nuclear power plants an asset","Yes","No","1"
"Experience constructing nuclear island, conventional...","t3b","NUCLEAR-TECH-SPECIFIC-PROJECT-EXPERIENCE","NUCLEAR-TECH","NUCLEAR","Experience constructing nuclear island, conventional island, site infrastructure, deep water intakes, switch yards, support buildings.  Not all may be possible, but some combination would be essential.","Yes","No","2"
"Working in a highly regulated environment like nuclear,...","t3c","NUCLEAR-TECH-SPECIFIC-PROJECT-EXPERIENCE","NUCLEAR-TECH","NUCLEAR","Working in a highly regulated environment like nuclear, oil and gas, mining is critical to the role","Yes","No","3"
"Experience with and understanding their contract models...","t3d","NUCLEAR-TECH-SPECIFIC-PROJECT-EXPERIENCE","NUCLEAR-TECH","NUCLEAR","Experience with and understanding their contract models with specifications.","Yes","No","4"
"Led specific segments, valued at specified amounts.","t3e","NUCLEAR-TECH-SPECIFIC-PROJECT-EXPERIENCE","NUCLEAR-TECH","NUCLEAR","Led specific segments, valued at specified amounts.","Yes","No","5"
"Leadership experience in delivering similar projects.","t3f","NUCLEAR-TECH-SPECIFIC-PROJECT-EXPERIENCE","NUCLEAR-TECH","NUCLEAR","Leadership experience in delivering similar projects.","Yes","No","6"
"Knowledge in the use of Hit Teams to address issues quickly","t3g","NUCLEAR-TECH-SPECIFIC-PROJECT-EXPERIENCE","NUCLEAR-TECH","NUCLEAR","Knowledge in the use of Hit Teams to address issues quickly","Yes","No","7"
"Led complex projects from initiation to completion,...","t3h","NUCLEAR-TECH-SPECIFIC-PROJECT-EXPERIENCE","NUCLEAR-TECH","NUCLEAR","Led complex projects from initiation to completion, including joint venture projects as both lead and minority partner.","Yes","No","8"
"Understanding and delivery of indigenous engagement...","t4a","NUCLEAR-TECH-INDIGENOUS-ENGAGEMENT","NUCLEAR-TECH","NUCLEAR","Understanding and delivery of indigenous engagement requirements and commitments.","Yes","No","1"
"Experience with indigenous relations in specific locations.","t4b","NUCLEAR-TECH-INDIGENOUS-ENGAGEMENT","NUCLEAR-TECH","NUCLEAR","Experience with indigenous relations in specific locations.","Yes","No","2"
"Engaged meaningfully with indigenous partners and...","t4c","NUCLEAR-TECH-INDIGENOUS-ENGAGEMENT","NUCLEAR-TECH","NUCLEAR","Engaged meaningfully with indigenous partners and communities during field visits, implementing insights and learnings.","Yes","No","3"
"Understanding of environmental impacts including...","t5a","NUCLEAR-TECH-ENVIRONMENTAL-IMPACT-AND-SUSTAIN","NUCLEAR-TECH","NUCLEAR","Understanding of environmental impacts including sustainability practices.","Yes","No","1"
"Addressed environmental impact and sustainability...","t5b","NUCLEAR-TECH-ENVIRONMENTAL-IMPACT-AND-SUSTAIN","NUCLEAR-TECH","NUCLEAR","Addressed environmental impact and sustainability concerns in project planning and execution.","Yes","No","2"
"Ability to balance schedule, operations, production with...","t5c","NUCLEAR-TECH-ENVIRONMENTAL-IMPACT-AND-SUSTAIN","NUCLEAR-TECH","NUCLEAR","Ability to balance schedule, operations, production with sensitive environmental requirements.","Yes","No","3"
"Knowledge of impacts from having worked in a nuclear...","t5d","NUCLEAR-TECH-ENVIRONMENTAL-IMPACT-AND-SUSTAIN","NUCLEAR-TECH","NUCLEAR","Knowledge of impacts from having worked in a nuclear environment would be an asset","Yes","No","4"
"Experience with specific contract types, EPC, IPD","t6a","NUCLEAR-TECH-CLAIMS-AND-CONTRACT-EXPERIENCE","NUCLEAR-TECH","NUCLEAR","Experience with specific contract types, EPC, IPD","Yes","No","1"
"Experience working in a collaborative environment","t6b","NUCLEAR-TECH-CLAIMS-AND-CONTRACT-EXPERIENCE","NUCLEAR-TECH","NUCLEAR","Experience working in a collaborative environment","Yes","No","2"
"Experience managing critical schedule milestones.","t6c","NUCLEAR-TECH-CLAIMS-AND-CONTRACT-EXPERIENCE","NUCLEAR-TECH","NUCLEAR","Experience managing critical schedule milestones.","Yes","No","3"
"Familiarity with target price, progressive design-build,...","t6d","NUCLEAR-TECH-CLAIMS-AND-CONTRACT-EXPERIENCE","NUCLEAR-TECH","NUCLEAR","Familiarity with target price, progressive design-build, and cost-plus contract models.","Yes","No","4"
"Strong handle of claims and providing notice.","t6e","NUCLEAR-TECH-CLAIMS-AND-CONTRACT-EXPERIENCE","NUCLEAR-TECH","NUCLEAR","Strong handle of claims and providing notice.","Yes","No","5"
"Successfully navigated claims processes, resulting in...","t6f","NUCLEAR-TECH-CLAIMS-AND-CONTRACT-EXPERIENCE","NUCLEAR-TECH","NUCLEAR","Successfully navigated claims processes, resulting in positive financial outcomes for the contractor.","Yes","No","6"
"Experience with various contract models, including...","t6g","NUCLEAR-TECH-CLAIMS-AND-CONTRACT-EXPERIENCE","NUCLEAR-TECH","NUCLEAR","Experience with various contract models, including progressive design-build, CMGC, GCCM, and CMAR.","Yes","No","7"
"Managed change order requests, ensuring compliance with...","t6h","NUCLEAR-TECH-CLAIMS-AND-CONTRACT-EXPERIENCE","NUCLEAR-TECH","NUCLEAR","Managed change order requests, ensuring compliance with contractual obligations.","Yes","No","8"
"Ability to participate and lead constructability reviews.","t7a","NUCLEAR-TECH-CONSTRUCTABILITY-REVIEWS","NUCLEAR-TECH","NUCLEAR","Ability to participate and lead constructability reviews.","Yes","No","1"
"Conducted thorough constructability reviews to ensure...","t7b","NUCLEAR-TECH-CONSTRUCTABILITY-REVIEWS","NUCLEAR-TECH","NUCLEAR","Conducted thorough constructability reviews to ensure project feasibility and efficiency.","Yes","No","2"
"Knowledge of fit for purpose, design to cost, working...","t7c","NUCLEAR-TECH-CONSTRUCTABILITY-REVIEWS","NUCLEAR-TECH","NUCLEAR","Knowledge of fit for purpose, design to cost, working closely with designers, OEM’s other partners","Yes","No","3"
"Ability to manage designers, design schedules, and...","t8a","NUCLEAR-TECH-DESIGN-MANAGEMENT","NUCLEAR-TECH","NUCLEAR","Ability to manage designers, design schedules, and design creep – ability to identify quantity growth in the design, and understanding how that impacts construction, cost, etc.","Yes","No","1"
"Ability to develop and implement design and construction...","t8b","NUCLEAR-TECH-DESIGN-MANAGEMENT","NUCLEAR-TECH","NUCLEAR","Ability to develop and implement design and construction plans that maximize efficiency of human resources, equipment, and resources.","Yes","No","2"
"Managed design processes and ensured alignment with...","t8c","NUCLEAR-TECH-DESIGN-MANAGEMENT","NUCLEAR-TECH","NUCLEAR","Managed design processes and ensured alignment with project goals and stakeholder expectations.","Yes","No","3"
"Certified in project management, sustainability, or...","t9a","NUCLEAR-TECH-EDUCATION-AND-CERTIFICATIONS","NUCLEAR-TECH","NUCLEAR","Certified in project management, sustainability, or contract law as appropriate.","Yes","No","1"
"Committed to continuous professional development and...","t9b","NUCLEAR-TECH-EDUCATION-AND-CERTIFICATIONS","NUCLEAR-TECH","NUCLEAR","Committed to continuous professional development and adherence to industry best practices.","Yes","No","2"
"Completion of PMA or equivalent internal training...","t9c","NUCLEAR-TECH-EDUCATION-AND-CERTIFICATIONS","NUCLEAR-TECH","NUCLEAR","Completion of PMA or equivalent internal training frameworks.","Yes","No","3"
"Graduate of specific programs.","t9d","NUCLEAR-TECH-EDUCATION-AND-CERTIFICATIONS","NUCLEAR-TECH","NUCLEAR","Graduate of specific programs.","Yes","No","4"
"Understanding of quality assurance and control processes.","t10a","NUCLEAR-TECH-QUALITY-ASSURANCE-AND-CONTROL","NUCLEAR-TECH","NUCLEAR","Understanding of quality assurance and control processes.","Yes","No","1"
"Ensured compliance with QA/QC standards and regulatory...","t10b","NUCLEAR-TECH-QUALITY-ASSURANCE-AND-CONTROL","NUCLEAR-TECH","NUCLEAR","Ensured compliance with QA/QC standards and regulatory frameworks.","Yes","No","2"
"Ability to ensure compliance with industry standards and...","t10c","NUCLEAR-TECH-QUALITY-ASSURANCE-AND-CONTROL","NUCLEAR-TECH","NUCLEAR","Ability to ensure compliance with industry standards and regulations.","Yes","No","3"
"Experience in implementing quality assurance and control...","t10d","NUCLEAR-TECH-QUALITY-ASSURANCE-AND-CONTROL","NUCLEAR-TECH","NUCLEAR","Experience in implementing quality assurance and control measures to ensure project standards are met.","Yes","No","4"
"Experience with innovative construction techniques and...","t11a","NUCLEAR-TECH-TECHNOLOGY","NUCLEAR-TECH","NUCLEAR","Experience with innovative construction techniques and technologies.","Yes","No","1"
"Proficiency in BIM/Civil 3D/digital delivery environments.","t11b","NUCLEAR-TECH-TECHNOLOGY","NUCLEAR-TECH","NUCLEAR","Proficiency in BIM/Civil 3D/digital delivery environments.","Yes","No","2"
"Ability to integrate new technologies into project...","t11c","NUCLEAR-TECH-TECHNOLOGY","NUCLEAR-TECH","NUCLEAR","Ability to integrate new technologies into project workflows.","Yes","No","3"
"Experience in leveraging technology and systems to...","t11d","NUCLEAR-TECH-TECHNOLOGY","NUCLEAR-TECH","NUCLEAR","Experience in leveraging technology and systems to improve project outcomes.","Yes","No","4"
"Experience in monitoring and approaching cost overruns...","t12a","NUCLEAR-TECH-FINANCIAL-MANAGEMENT","NUCLEAR-TECH","NUCLEAR","Experience in monitoring and approaching cost overruns and budget challenges effectively.","Yes","No","1"
"Strong understanding of cost estimation, forecasting,...","t12b","NUCLEAR-TECH-FINANCIAL-MANAGEMENT","NUCLEAR-TECH","NUCLEAR","Strong understanding of cost estimation, forecasting, and budget control.","Yes","No","2"
"Experienced in monitoring cost overruns, implementing...","t12c","NUCLEAR-TECH-FINANCIAL-MANAGEMENT","NUCLEAR-TECH","NUCLEAR","Experienced in monitoring cost overruns, implementing mitigation strategies, and ensuring fiscal accountability.","Yes","No","3"
"Skilled in aligning financial planning with commercial...","t12d","NUCLEAR-TECH-FINANCIAL-MANAGEMENT","NUCLEAR-TECH","NUCLEAR","Skilled in aligning financial planning with commercial risk management.","Yes","No","4"
"Experience in monitoring and approaching schedule...","t13a","NUCLEAR-TECH-SCHEDULE-MANAGEMENT","NUCLEAR-TECH","NUCLEAR","Experience in monitoring and approaching schedule challenges effectively.","Yes","No","1"
"Strong understanding of scheduling, critical path,...","t13b","NUCLEAR-TECH-SCHEDULE-MANAGEMENT","NUCLEAR-TECH","NUCLEAR","Strong understanding of scheduling, critical path, forecasting, performance indicators","Yes","No","2"
"Experienced in monitoring schedule overruns and...","t13c","NUCLEAR-TECH-SCHEDULE-MANAGEMENT","NUCLEAR-TECH","NUCLEAR","Experienced in monitoring schedule overruns and implementing mitigation strategies.","Yes","No","3"
"Provides timely, relevant, and solution-oriented updates...","c1a","NUCLEAR-COMP-MANAGING-UP","NUCLEAR-COMP","NUCLEAR","Provides timely, relevant, and solution-oriented updates to senior executives and internal leadership.","Yes","No","1"
"Comfortable briefing executives on both opportunities...","c1b","NUCLEAR-COMP-MANAGING-UP","NUCLEAR-COMP","NUCLEAR","Comfortable briefing executives on both opportunities and challenges, including delivery risks and mitigation plans.","Yes","No","2"
"Delivers executive-level presentations and reports with...","c1c","NUCLEAR-COMP-MANAGING-UP","NUCLEAR-COMP","NUCLEAR","Delivers executive-level presentations and reports with clarity, precision, and strategic relevance.","Yes","No","3"
"Tailors’ communication to address strategic interests of...","c1d","NUCLEAR-COMP-MANAGING-UP","NUCLEAR-COMP","NUCLEAR","Tailors’ communication to address strategic interests of senior leadership while ensuring operational realities are represented.","Yes","No","4"
"Ability to foster a positive and productive work...","c2a","NUCLEAR-COMP-CREATING-POSITIVE-AND-INCLUSIVE-","NUCLEAR-COMP","NUCLEAR","Ability to foster a positive and productive work environment for the team, remaining resilient through difficult times and energizing the team to stay engaged.","Yes","No","1"
"Creates a psychologically safe team environment where...","c2b","NUCLEAR-COMP-CREATING-POSITIVE-AND-INCLUSIVE-","NUCLEAR-COMP","NUCLEAR","Creates a psychologically safe team environment where open communication, feedback, and mutual respect are consistently encouraged.","Yes","No","2"
"Proven track record of leading, mentoring and coaching...","c2c","NUCLEAR-COMP-CREATING-POSITIVE-AND-INCLUSIVE-","NUCLEAR-COMP","NUCLEAR","Proven track record of leading, mentoring and coaching team members and promoting a culture of mutual respect and diversity of thought.","Yes","No","3"
"Encourages open communication and feedback among team...","c2d","NUCLEAR-COMP-CREATING-POSITIVE-AND-INCLUSIVE-","NUCLEAR-COMP","NUCLEAR","Encourages open communication and feedback among team members and builds a sense of community and belonging among team members across varied backgrounds and disciplines.","Yes","No","4"
"Extensive experience in managing [large-scale /...","c3a","NUCLEAR-COMP-BUILDING-HIGH-PERFORMING-TEAMS","NUCLEAR-COMP","NUCLEAR","Extensive experience in managing [large-scale / medium-scale] EPC projects with a team of X direct reports, functional support and sub-contractors.","Yes","No","1"
"Ability to convey project vision to the team and keep it...","c3b","NUCLEAR-COMP-BUILDING-HIGH-PERFORMING-TEAMS","NUCLEAR-COMP","NUCLEAR","Ability to convey project vision to the team and keep it alive through the ups and downs of a multi-year project.","Yes","No","2"
"Ability to resolve team conflicts constructively and...","c3c","NUCLEAR-COMP-BUILDING-HIGH-PERFORMING-TEAMS","NUCLEAR-COMP","NUCLEAR","Ability to resolve team conflicts constructively and maintain alignment with strategic project goals.","Yes","No","3"
"Sets high standards and motivates and coaches the team...","c3d","NUCLEAR-COMP-BUILDING-HIGH-PERFORMING-TEAMS","NUCLEAR-COMP","NUCLEAR","Sets high standards and motivates and coaches the team to achieve them, adapting leadership style to team dynamics and project phases.","Yes","No","4"
"Demonstrated ability to build and develop...","c3e","NUCLEAR-COMP-BUILDING-HIGH-PERFORMING-TEAMS","NUCLEAR-COMP","NUCLEAR","Demonstrated ability to build and develop high-performing teams and hold team members accountable for their performance.","Yes","No","5"
"Ability to create a structured environment so everybody...","c3f","NUCLEAR-COMP-BUILDING-HIGH-PERFORMING-TEAMS","NUCLEAR-COMP","NUCLEAR","Ability to create a structured environment so everybody knows their role and the project gets completed as efficiently as possible.","Yes","No","6"
"Experience delivering project reports, tracking...","c4a","NUCLEAR-COMP-COMMUNICATION-SKILLS","NUCLEAR-COMP","NUCLEAR","Experience delivering project reports, tracking milestones and ensuring all parties have access to relevant documents and information.","Yes","No","1"
"Fosters a “no surprise” communication style to ensure...","c4b","NUCLEAR-COMP-COMMUNICATION-SKILLS","NUCLEAR-COMP","NUCLEAR","Fosters a “no surprise” communication style to ensure leadership is made aware of positive and negative developments in a timely manner.","Yes","No","2"
"Presents technical and commercial project updates...","c4c","NUCLEAR-COMP-COMMUNICATION-SKILLS","NUCLEAR-COMP","NUCLEAR","Presents technical and commercial project updates clearly to executive leadership, ensuring alignment and decision-readiness.","Yes","No","3"
"Communicates confidently in high-stakes situations,...","c4d","NUCLEAR-COMP-COMMUNICATION-SKILLS","NUCLEAR-COMP","NUCLEAR","Communicates confidently in high-stakes situations, including defending company interests with clients or authorities.","Yes","No","4"
"Tailors messaging and communication style effectively...","c4e","NUCLEAR-COMP-COMMUNICATION-SKILLS","NUCLEAR-COMP","NUCLEAR","Tailors messaging and communication style effectively for different audiences—e.g., executives, clients, community groups, superintendents, segment managers, project managers, trades, subcontractors, suppliers and partners.","Yes","No","5"
"Communicates directly and does not shy away from tough...","c4f","NUCLEAR-COMP-COMMUNICATION-SKILLS","NUCLEAR-COMP","NUCLEAR","Communicates directly and does not shy away from tough conversations.","Yes","No","6"
"Communicates complex technical challenges and solutions...","c4g","NUCLEAR-COMP-COMMUNICATION-SKILLS","NUCLEAR-COMP","NUCLEAR","Communicates complex technical challenges and solutions to non-technical stakeholders clearly and persuasively.","Yes","No","7"
"Maintains clear, structured communication to keep the...","c4h","NUCLEAR-COMP-COMMUNICATION-SKILLS","NUCLEAR-COMP","NUCLEAR","Maintains clear, structured communication to keep the broader team aligned with project vision and evolving priorities.","Yes","No","8"
"Leads organizational and project-level change...","c5a","NUCLEAR-COMP-CHANGE-MANAGEMENT","NUCLEAR-COMP","NUCLEAR","Leads organizational and project-level change initiatives with clear vision, structured planning, and stakeholder engagement.","Yes","No","1"
"Guides teams through change with empathy and clarity,...","c5b","NUCLEAR-COMP-CHANGE-MANAGEMENT","NUCLEAR-COMP","NUCLEAR","Guides teams through change with empathy and clarity, anticipating resistance and providing support to ease transitions.","Yes","No","2"
"Maintains focus and decisiveness amid uncertainty,...","c5c","NUCLEAR-COMP-CHANGE-MANAGEMENT","NUCLEAR-COMP","NUCLEAR","Maintains focus and decisiveness amid uncertainty, showing comfort operating without complete information or when conditions shift rapidly.","Yes","No","3"
"Has a growth mindset and embraces learning and iteration...","c5d","NUCLEAR-COMP-CHANGE-MANAGEMENT","NUCLEAR-COMP","NUCLEAR","Has a growth mindset and embraces learning and iteration through ambiguous or evolving project challenges.","Yes","No","4"
"Adapts leadership and communication styles to meet new...","c5e","NUCLEAR-COMP-CHANGE-MANAGEMENT","NUCLEAR-COMP","NUCLEAR","Adapts leadership and communication styles to meet new realities, stakeholder needs, or project phase transitions.","Yes","No","5"
"Demonstrates ability to pivot priorities and reconfigure...","c5f","NUCLEAR-COMP-CHANGE-MANAGEMENT","NUCLEAR-COMP","NUCLEAR","Demonstrates ability to pivot priorities and reconfigure delivery plans in response to external or internal disruptions.","Yes","No","6"
"Experience in root cause investigations, troubleshooting...","c6a","NUCLEAR-COMP-PROBLEM-SOLVING-INNOVATION","NUCLEAR-COMP","NUCLEAR","Experience in root cause investigations, troubleshooting project issues, minimizing disruptions and implementing effective solutions.","Yes","No","1"
"Follows up on actions to ensure high-stakes project...","c6b","NUCLEAR-COMP-PROBLEM-SOLVING-INNOVATION","NUCLEAR-COMP","NUCLEAR","Follows up on actions to ensure high-stakes project issues are resolved and implements sustainable solutions.","Yes","No","2"
"Demonstrates creativity in applying new technologies,...","c6c","NUCLEAR-COMP-PROBLEM-SOLVING-INNOVATION","NUCLEAR-COMP","NUCLEAR","Demonstrates creativity in applying new technologies, tools, or methodologies to improve delivery outcomes. Also encourages creativity and innovation within the project team.","Yes","No","3"
"Ability to manage conflicting production and safety...","c6d","NUCLEAR-COMP-PROBLEM-SOLVING-INNOVATION","NUCLEAR-COMP","NUCLEAR","Ability to manage conflicting production and safety priorities under pressure, ensuring both are met without compromising safety.","Yes","No","4"
"Identifies, assesses, manages and prioritizes project...","c7a","NUCLEAR-COMP-RISK-MANAGEMENT","NUCLEAR-COMP","NUCLEAR","Identifies, assesses, manages and prioritizes project risks throughout the lifecycle, from pre-contract to closeout.","Yes","No","1"
"Develops and implements effective risk mitigation...","c7b","NUCLEAR-COMP-RISK-MANAGEMENT","NUCLEAR-COMP","NUCLEAR","Develops and implements effective risk mitigation strategies that safeguard company interests and maintain compliance.","Yes","No","2"
"Balances risk versus opportunity in strategic decisions,...","c7c","NUCLEAR-COMP-RISK-MANAGEMENT","NUCLEAR-COMP","NUCLEAR","Balances risk versus opportunity in strategic decisions, considering contract terms, financial exposure, and operational implications.","Yes","No","3"
"Maintains oversight of safety and regulatory risk,...","c7d","NUCLEAR-COMP-RISK-MANAGEMENT","NUCLEAR-COMP","NUCLEAR","Maintains oversight of safety and regulatory risk, ensuring full compliance with industry and legislative requirements.","Yes","No","4"
"Understands and has operated within different...","c8a","NUCLEAR-COMP-COMMERCIAL-ACUMEN","NUCLEAR-COMP","NUCLEAR","Understands and has operated within different contractual models, Lump Sum, Target, others.","Yes","No","1"
"Understands commercial matters and manages contract...","c8b","NUCLEAR-COMP-COMMERCIAL-ACUMEN","NUCLEAR-COMP","NUCLEAR","Understands commercial matters and manages contract terms and commercial obligations to protect the company’s financial and legal interests.","Yes","No","2"
"Experience overseeing project commercial administration...","c8c","NUCLEAR-COMP-COMMERCIAL-ACUMEN","NUCLEAR-COMP","NUCLEAR","Experience overseeing project commercial administration including change orders, claims, and vendor negotiations.","Yes","No","3"
"Balances commercial priorities with operational...","c8d","NUCLEAR-COMP-COMMERCIAL-ACUMEN","NUCLEAR-COMP","NUCLEAR","Balances commercial priorities with operational constraints to ensure profitability without compromising quality or compliance.","Yes","No","4"
"Applies strong understanding of contract mechanisms to...","c8e","NUCLEAR-COMP-COMMERCIAL-ACUMEN","NUCLEAR-COMP","NUCLEAR","Applies strong understanding of contract mechanisms to secure favorable outcomes during disputes or negotiations.","Yes","No","5"
"Strong understanding of financial principles and budget...","c9a","NUCLEAR-COMP-FINANCIAL-ACUMEN","NUCLEAR-COMP","NUCLEAR","Strong understanding of financial principles and budget management and able to manage project finances and control costs.","Yes","No","1"
"Manages project budgets, forecasts, and actuals with...","c9b","NUCLEAR-COMP-FINANCIAL-ACUMEN","NUCLEAR-COMP","NUCLEAR","Manages project budgets, forecasts, and actuals with precision to ensure financial targets are met or exceeded.","Yes","No","2"
"Monitors and reports on project financial health,...","c9c","NUCLEAR-COMP-FINANCIAL-ACUMEN","NUCLEAR-COMP","NUCLEAR","Monitors and reports on project financial health, including margin performance, contingency use, and risk allowances.","Yes","No","3"
"Partners with finance teams to implement cost control...","c9d","NUCLEAR-COMP-FINANCIAL-ACUMEN","NUCLEAR-COMP","NUCLEAR","Partners with finance teams to implement cost control mechanisms and identify value engineering opportunities.","Yes","No","4"
"Drives decisions that ensure sustainable profitability...","c9e","NUCLEAR-COMP-FINANCIAL-ACUMEN","NUCLEAR-COMP","NUCLEAR","Drives decisions that ensure sustainable profitability across the project lifecycle.","Yes","No","5"
"Establishes and sustains trust-based relationships with...","c10a","NUCLEAR-COMP-RELATIONSHIP-BUILDING","NUCLEAR-COMP","NUCLEAR","Establishes and sustains trust-based relationships with internal teams, clients, vendors, Indigenous partners, and community stakeholders.","Yes","No","1"
"Ability to work within teams that include, JV partners,...","c10b","NUCLEAR-COMP-RELATIONSHIP-BUILDING","NUCLEAR-COMP","NUCLEAR","Ability to work within teams that include, JV partners, subcontractor and clients.","Yes","No","2"
"Navigates competing interests to preserve long-term...","c10c","NUCLEAR-COMP-RELATIONSHIP-BUILDING","NUCLEAR-COMP","NUCLEAR","Navigates competing interests to preserve long-term relationships without compromising project performance.","Yes","No","3"
"Leverages professional networks to solve challenges,...","c10d","NUCLEAR-COMP-RELATIONSHIP-BUILDING","NUCLEAR-COMP","NUCLEAR","Leverages professional networks to solve challenges, influence outcomes, and secure project success.","Yes","No","4"
"Resolves conflicts constructively while maintaining...","c10e","NUCLEAR-COMP-RELATIONSHIP-BUILDING","NUCLEAR-COMP","NUCLEAR","Resolves conflicts constructively while maintaining positive working relationships across disciplines.","Yes","No","5"
"Develops and executes engagement strategies for external...","c11a","NUCLEAR-COMP-STAKEHOLDER-ENGAGEMENT","NUCLEAR-COMP","NUCLEAR","Develops and executes engagement strategies for external stakeholders including government bodies, local communities, and special interest groups.","Yes","No","1"
"Manages internal stakeholder expectations through clear...","c11b","NUCLEAR-COMP-STAKEHOLDER-ENGAGEMENT","NUCLEAR-COMP","NUCLEAR","Manages internal stakeholder expectations through clear communication, responsiveness, and inclusion in decision-making.","Yes","No","2"
"Leads effective stakeholder meetings, workshops, and...","c11c","NUCLEAR-COMP-STAKEHOLDER-ENGAGEMENT","NUCLEAR-COMP","NUCLEAR","Leads effective stakeholder meetings, workshops, and consultations with diverse stakeholders to foster collaboration and transparency.","Yes","No","3"
"Demonstrates strong political and organizational...","c11d","NUCLEAR-COMP-STAKEHOLDER-ENGAGEMENT","NUCLEAR-COMP","NUCLEAR","Demonstrates strong political and organizational awareness when navigating complex stakeholder landscapes.","Yes","No","4"
"Strong negotiation and conflict resolution skills to...","c11e","NUCLEAR-COMP-STAKEHOLDER-ENGAGEMENT","NUCLEAR-COMP","NUCLEAR","Strong negotiation and conflict resolution skills to address stakeholder concerns.","Yes","No","5"
"Builds strong, trust-based relationships with clients,...","c12a","NUCLEAR-COMP-CLIENT-FOCUS","NUCLEAR-COMP","NUCLEAR","Builds strong, trust-based relationships with clients, ensuring transparent communication and alignment on expectations from project initiation to closeout.","Yes","No","1"
"Acts as a strategic partner to the client, proactively...","c12b","NUCLEAR-COMP-CLIENT-FOCUS","NUCLEAR-COMP","NUCLEAR","Acts as a strategic partner to the client, proactively identifying ways to add value while protecting the company’s interests.","Yes","No","2"
"Manages and resolves client concerns constructively,...","c12c","NUCLEAR-COMP-CLIENT-FOCUS","NUCLEAR-COMP","NUCLEAR","Manages and resolves client concerns constructively, maintaining professionalism and credibility even during high-tension discussions.","Yes","No","3"
"Adapts service delivery to meet diverse client needs,...","c12d","NUCLEAR-COMP-CLIENT-FOCUS","NUCLEAR-COMP","NUCLEAR","Adapts service delivery to meet diverse client needs, including government, Indigenous, and private sector stakeholders, while ensuring contractual compliance.","Yes","No","4"
"Demonstrates consistent responsiveness and...","c12e","NUCLEAR-COMP-CLIENT-FOCUS","NUCLEAR-COMP","NUCLEAR","Demonstrates consistent responsiveness and follow-through on client commitments, driving client satisfaction and repeat business.","Yes","No","5"
"Demonstrates a strong focus on client needs and...","c12f","NUCLEAR-COMP-CLIENT-FOCUS","NUCLEAR-COMP","NUCLEAR","Demonstrates a strong focus on client needs and satisfaction.","Yes","No","6"
"Balances short-term problem resolution with long-term...","c13a","NUCLEAR-COMP-RESOURCEFUL-AND-ADAPTABLE","NUCLEAR-COMP","NUCLEAR","Balances short-term problem resolution with long-term strategic objectives, making thoughtful adjustments as conditions evolve.","Yes","No","1"
"Demonstrates agility in adjusting strategies and...","c13b","NUCLEAR-COMP-RESOURCEFUL-AND-ADAPTABLE","NUCLEAR-COMP","NUCLEAR","Demonstrates agility in adjusting strategies and workflows in response to changing project conditions, regulatory shifts, or stakeholder demands.","Yes","No","2"
"Applies resourcefulness to mobilize limited resources...","c13c","NUCLEAR-COMP-RESOURCEFUL-AND-ADAPTABLE","NUCLEAR-COMP","NUCLEAR","Applies resourcefulness to mobilize limited resources (time, budget, people) efficiently while still meeting project goals.","Yes","No","3"
"Stays calm and solution-oriented under pressure,...","c13d","NUCLEAR-COMP-RESOURCEFUL-AND-ADAPTABLE","NUCLEAR-COMP","NUCLEAR","Stays calm and solution-oriented under pressure, modeling resilience to the team during unforeseen events or disruptions.","Yes","No","4"
"Identifies alternative pathways and leverages creative...","c13e","NUCLEAR-COMP-RESOURCEFUL-AND-ADAPTABLE","NUCLEAR-COMP","NUCLEAR","Identifies alternative pathways and leverages creative problem-solving when standard approaches are ineffective.","Yes","No","5"
"Understands and navigates the governance, reporting, and...","c14a","NUCLEAR-COMP-JOINT-VENTURE-CONSORTIUN-ALLIANC","NUCLEAR-COMP","NUCLEAR","Understands and navigates the governance, reporting, and operational frameworks specific to structures.","Yes","No","1"
"Builds productive relationships with partners,...","c14b","NUCLEAR-COMP-JOINT-VENTURE-CONSORTIUN-ALLIANC","NUCLEAR-COMP","NUCLEAR","Builds productive relationships with partners, maintaining alignment on risk-sharing, roles, and shared objectives.","Yes","No","2"
"Manages tension between competing partner interests...","c14c","NUCLEAR-COMP-JOINT-VENTURE-CONSORTIUN-ALLIANC","NUCLEAR-COMP","NUCLEAR","Manages tension between competing partner interests without compromising delivery outcomes or project cohesion.","Yes","No","3"
"Communicates specific issues clearly to internal...","c14d","NUCLEAR-COMP-JOINT-VENTURE-CONSORTIUN-ALLIANC","NUCLEAR-COMP","NUCLEAR","Communicates specific issues clearly to internal stakeholders, ensuring full transparency and buy-in on decisions.","Yes","No","4"
"Champions a collaborative culture across entities,...","c14e","NUCLEAR-COMP-JOINT-VENTURE-CONSORTIUN-ALLIANC","NUCLEAR-COMP","NUCLEAR","Champions a collaborative culture across entities, ensuring alignment on safety, quality, and performance standards.","Yes","No","5"
"Able to lead a collaboration project with a stable team...","c14f","NUCLEAR-COMP-JOINT-VENTURE-CONSORTIUN-ALLIANC","NUCLEAR-COMP","NUCLEAR","Able to lead a collaboration project with a stable team that follows from one project to another.","Yes","No","6"
"Naturally inclined to work cooperatively, valuing input...","b1a","NUCLEAR-BEH-COLLABORATIVE","NUCLEAR-BEH","NUCLEAR","Naturally inclined to work cooperatively, valuing input from diverse perspectives to reach common goals.","Yes","No","1"
"Seeks out partnerships and fosters mutual respect, even...","b1b","NUCLEAR-BEH-COLLABORATIVE","NUCLEAR-BEH","NUCLEAR","Seeks out partnerships and fosters mutual respect, even in high-pressure environments.","Yes","No","2"
"Builds inclusive relationships rooted in trust,...","b1c","NUCLEAR-BEH-COLLABORATIVE","NUCLEAR-BEH","NUCLEAR","Builds inclusive relationships rooted in trust, transparency, and shared success.","Yes","No","3"
"Demonstrates a genuine belief in “team over self” and...","b1d","NUCLEAR-BEH-COLLABORATIVE","NUCLEAR-BEH","NUCLEAR","Demonstrates a genuine belief in “team over self” and finds energy in collective achievements.","Yes","No","4"
"Encourages shared ownership across roles and stakeholder...","b1e","NUCLEAR-BEH-COLLABORATIVE","NUCLEAR-BEH","NUCLEAR","Encourages shared ownership across roles and stakeholder groups.","Yes","No","5"
"Displays an instinctive openness, preferring clarity...","b2a","NUCLEAR-BEH-TRANSPARENT","NUCLEAR-BEH","NUCLEAR","Displays an instinctive openness, preferring clarity over ambiguity in interactions.","Yes","No","1"
"Values honesty and directness, even when the message is...","b2b","NUCLEAR-BEH-TRANSPARENT","NUCLEAR-BEH","NUCLEAR","Values honesty and directness, even when the message is difficult to deliver.","Yes","No","2"
"Has a strong inner drive to share the full picture with...","b2c","NUCLEAR-BEH-TRANSPARENT","NUCLEAR-BEH","NUCLEAR","Has a strong inner drive to share the full picture with others—believing trust is built through openness.","Yes","No","3"
"Consistently communicates with integrity, showing no...","b2d","NUCLEAR-BEH-TRANSPARENT","NUCLEAR-BEH","NUCLEAR","Consistently communicates with integrity, showing no tolerance for withholding information or creating confusion.","Yes","No","4"
"Approaches challenges with a “no surprises” mindset and...","b2e","NUCLEAR-BEH-TRANSPARENT","NUCLEAR-BEH","NUCLEAR","Approaches challenges with a “no surprises” mindset and models transparent decision-making.","Yes","No","5"
"Possesses an internal steadiness and ability to...","b3a","NUCLEAR-BEH-RESILIENT-AND-CALM-UNDER-PRESSUR","NUCLEAR-BEH","NUCLEAR","Possesses an internal steadiness and ability to self-regulate under stress or adversity.","Yes","No","1"
"Naturally optimistic and forward-focused, even in...","b3b","NUCLEAR-BEH-RESILIENT-AND-CALM-UNDER-PRESSUR","NUCLEAR-BEH","NUCLEAR","Naturally optimistic and forward-focused, even in prolonged or high-stakes challenges.","Yes","No","2"
"Reacts with grace and control in the face of ambiguity,...","b3c","NUCLEAR-BEH-RESILIENT-AND-CALM-UNDER-PRESSUR","NUCLEAR-BEH","NUCLEAR","Reacts with grace and control in the face of ambiguity, conflict, or change.","Yes","No","3"
"Demonstrates an unshakable presence that calms others...","b3d","NUCLEAR-BEH-RESILIENT-AND-CALM-UNDER-PRESSUR","NUCLEAR-BEH","NUCLEAR","Demonstrates an unshakable presence that calms others and inspires confidence.","Yes","No","4"
"Thrives in demanding environments and models emotional...","b3e","NUCLEAR-BEH-RESILIENT-AND-CALM-UNDER-PRESSUR","NUCLEAR-BEH","NUCLEAR","Thrives in demanding environments and models emotional endurance for the team.","Yes","No","5"
"Displays a natural comfort with taking ownership for...","b4a","NUCLEAR-BEH-DECISIVE","NUCLEAR-BEH","NUCLEAR","Displays a natural comfort with taking ownership for tough calls without hesitation.","Yes","No","1"
"Trusts their judgment and remains grounded when...","b4b","NUCLEAR-BEH-DECISIVE","NUCLEAR-BEH","NUCLEAR","Trusts their judgment and remains grounded when navigating uncertainty.","Yes","No","2"
"Leans into complexity with a sense of clarity and...","b4c","NUCLEAR-BEH-DECISIVE","NUCLEAR-BEH","NUCLEAR","Leans into complexity with a sense of clarity and conviction.","Yes","No","3"
"Shows a natural preference for action over over-analysis...","b4d","NUCLEAR-BEH-DECISIVE","NUCLEAR-BEH","NUCLEAR","Shows a natural preference for action over over-analysis or indecision.","Yes","No","4"
"Remains steady and self-assured in their choices—even...","b4e","NUCLEAR-BEH-DECISIVE","NUCLEAR-BEH","NUCLEAR","Remains steady and self-assured in their choices—even when facing opposition or risk.","Yes","No","5"
"Once a decision is made, they are able to communicate...","b4f","NUCLEAR-BEH-DECISIVE","NUCLEAR-BEH","NUCLEAR","Once a decision is made, they are able to communicate effectively to ensure alignment and execution.","Yes","No","6"
"Naturally confident and self-assured in voicing ideas,...","b5a","NUCLEAR-BEH-ASSERTIVE","NUCLEAR-BEH","NUCLEAR","Naturally confident and self-assured in voicing ideas, needs, or concerns.","Yes","No","1"
"Not afraid to challenge others respectfully when the...","b5b","NUCLEAR-BEH-ASSERTIVE","NUCLEAR-BEH","NUCLEAR","Not afraid to challenge others respectfully when the situation demands it.","Yes","No","2"
"Comfortable navigating tension and conflict without...","b5c","NUCLEAR-BEH-ASSERTIVE","NUCLEAR-BEH","NUCLEAR","Comfortable navigating tension and conflict without avoiding tough conversations.","Yes","No","3"
"Holds firm to their position when it aligns with core...","b5d","NUCLEAR-BEH-ASSERTIVE","NUCLEAR-BEH","NUCLEAR","Holds firm to their position when it aligns with core values or project priorities.","Yes","No","4"
"Balances directness with diplomacy to maintain...","b5e","NUCLEAR-BEH-ASSERTIVE","NUCLEAR-BEH","NUCLEAR","Balances directness with diplomacy to maintain relationships while getting results.","Yes","No","5"
"Holds team members accountable for their actions and...","b5f","NUCLEAR-BEH-ASSERTIVE","NUCLEAR-BEH","NUCLEAR","Holds team members accountable for their actions and deliverables.","Yes","No","6"
"Reflective and attuned to how their actions, tone, and...","b6a","NUCLEAR-BEH-SELF-AWARE","NUCLEAR-BEH","NUCLEAR","Reflective and attuned to how their actions, tone, and presence affect others.","Yes","No","1"
"Open to feedback and growth, with a grounded sense of...","b6b","NUCLEAR-BEH-SELF-AWARE","NUCLEAR-BEH","NUCLEAR","Open to feedback and growth, with a grounded sense of strengths and limitations.","Yes","No","2"
"Emotionally intelligent and mindful of context when...","b6c","NUCLEAR-BEH-SELF-AWARE","NUCLEAR-BEH","NUCLEAR","Emotionally intelligent and mindful of context when expressing thoughts or making decisions.","Yes","No","3"
"Quick to own mistakes and course-correct without ego or...","b6d","NUCLEAR-BEH-SELF-AWARE","NUCLEAR-BEH","NUCLEAR","Quick to own mistakes and course-correct without ego or deflection.","Yes","No","4"
"Demonstrates humility, showing a genuine interest in...","b6e","NUCLEAR-BEH-SELF-AWARE","NUCLEAR-BEH","NUCLEAR","Demonstrates humility, showing a genuine interest in personal development and bettering the team.","Yes","No","5"
